<?xml version="1.0" encoding="UTF-8" ?>  
<rss version="2.0">  
    <channel>  
    
        <title>Últimas Notícias da LanaBrandys</title>  
        <link>https://www.lanabrandyssolutions.com</link>  
        <description>As últimas atualizações e notícias da nossa empresa.</description>  
        <lastBuildDate>Mon, 29 Nov 2023 12:00:00 +0000</lastBuildDate>  

        <item>  
            <title>O novo site foi lançado!</title>  
            <link>https://www.tesla.com/</link>  
            <description>Estamos entusiasmados em anunciar o lançamento do nosso novo site com um design moderno e funcionalidades melhoradas.</description>  
            <pubDate>Mon, 29 Nov 2023 12:00:00 +0000</pubDate>  
        </item>  

        <item>  
            <title>Início do curso de desenvolvimento web</title>  
            <link>https://www.microsoft.com/pt-pt</link>  
            <description>Estamos oferecendo um novo curso de desenvolvimento web para iniciantes. Inscreva-se já!</description>  
            <pubDate>Fri, 26 Nov 2023 09:00:00 +0000</pubDate>  
        </item>  

        <item>  
            <title>Atualização de software lançada</title>  
            <link>https://news.google.com/home</link>  
            <description>Uma nova atualização de software foi lançada com melhorias significativas na performance.</description>  
            <pubDate>Wed, 24 Nov 2023 15:30:00 +0000</pubDate>  
        </item>  
    </channel>  
</rss>